,name
0,AJ
1,Aaliyah
2,Aaron
3,Abaye Getahun
4,Abbey
5,Abbie
6,Abbigael
7,Abbigail
8,Abbigale
9,Abby
10,Abderrahmane
11,Abel
12,Abigail
13,Abiya
14,Abolfazl
15,Abraham
16,Abram
17,Abygail
18,Ada
19,Adah
20,Adalia
21,Adalie
22,Adam
23,Adamary
24,Addee
25,Addie
26,Addilyn
27,Addison
28,Addy
29,Addyson
30,Adelaide
31,Adele
32,Adelia
33,Adeline
34,Adelle
35,Aden
36,Adiah
37,Adib Al
38,Adison
39,Adlai
40,Adler
41,Adlih
42,Adnina
43,Adria
44,Adrian
45,Adriana
46,Adrianna
47,Adrien
48,Adrienne
49,Adrina
50,Adynn
51,Adyson
52,Aedan
53,Aegean
54,Aelin
55,Aemily
56,Aemon
57,Aeven
58,Afton
59,Aggie
60,Agustina
61,Ahmed
62,Ahmet
63,Ahmia
64,Ahsan
65,Ahva
66,Aidan
67,Aiden
68,Aidyn
69,Aili
70,Aimee
71,Ainsley
72,Airyauna
73,Aisha
74,Aishik
75,Aislin
76,Aisling
77,Aislinn
78,Aislynn
79,Aiva
80,Aiveen
81,Aj
82,Ajax
83,Ajay
84,Ajayarvind
85,Ajian
86,Akangksha
87,Akash
88,Akasha
89,Akilena
90,Aksana
91,Akshara
92,Akyrah
93,Al-Ghi
94,Alaina
95,Alan
96,Alanna
97,Alannah
98,Alara
99,Alasandra
100,Alastair
101,Alauna
102,Alayna
103,Albert
104,Alden
105,Alder
106,Aleah
107,Alec
108,Alecsa
109,Aleigh
110,Aleisha
111,Aleitha
112,Alejandra
113,Alejandro
114,Alek
115,Aleksander
116,Aleksandr
117,Alekzander
118,Alena
119,Alessandro
120,Alex
121,Alexa
122,Alexah
123,Alexander
124,Alexandr
125,Alexandra
126,Alexandre
127,Alexandria
128,Alexas
129,Alexei
130,Alexi
131,Alexia
132,Alexie
133,Alexios
134,Alexis
135,Alexis Reuel
136,Alexsandra
137,Alexus
138,Alexy
139,Alexyss
140,Alexzandria
141,Alfonse
142,Alford
143,Ali
144,Alia
145,Aliana
146,Alianna
147,Alicia
148,Alina
149,Alisha
150,Alison
151,Alissa
152,Alisson
153,Alivia
154,Alixandra
155,Aliya
156,Aliyah
157,Allan
158,Allana
159,Alleah
160,Allee
161,Allen
162,Allie
163,Allison
164,Ally
165,Allyson
166,Allyssa
167,Alma
168,Almira
169,Alok
170,Alora
171,Alphia
172,Alphonse
173,Alton
174,Alwena
175,Aly
176,Alya
177,Alyce
178,Alycia
179,Alyda
180,Alyona
181,Alysa
182,Alyse
183,Alyssa
184,Alyvia
185,Alyx
186,Amaia
187,Amalea
188,Amalie
189,Amanda
190,Amar
191,Amara
192,Amaya
193,Amayrani
194,Amber
195,Amberly
196,Ameah
197,Amelea
198,Amelia
199,Amelie
200,Amethyst
201,Amiah
202,Amillia
203,Amirmohammad
204,Amit
205,Ammann
206,Amorelle
207,Amy
208,An
209,Ana
210,Anabella
211,Analise
212,Anandi
213,Anapaula
214,Anastasia
215,Anastasiia
216,Ande
217,Ander
218,Anders
219,Anderson
220,Andi
221,Andie
222,Andoni
223,Andra
224,Andras
225,Andre
226,Andre Thomas
227,Andrea
228,Andreas
229,Andrei
230,Andres
231,Andrew
232,Andria
233,Andrik
234,Andy
235,Anelie
236,Anessa
237,Angel
238,Angela
239,Angelina
240,Angelito
241,Angellica
242,Angelo
243,Angmaya
244,Angus
245,Anica
246,Anika
247,Anil
248,Anirudh
249,Anissa
250,Anisten
251,Anistyn
252,Anita
253,Anja
254,Anjali
255,Anjelique
256,Anmi
257,Ann
258,AnnMarie
259,Anna
260,AnnaBella
261,Annabella
262,Annabelle
263,Annaka
264,Annalee
265,Annaliese
266,Annalisa
267,Annalise
268,Annalissa
269,Annamarie
270,Annasophia
271,Anne
272,AnneCline
273,Anneka
274,Anneke
275,Annel
276,Anneliese
277,Annelise
278,Annemarie
279,Annette
280,Annie
281,Annika
282,Anntonetta
283,Ansel
284,Anslee
285,Anthony
286,Anton
287,Antoni
288,Antonio
289,Anya
290,Anyah
291,Apoleihikiula
292,Apollo
293,Appollo
294,Apryl
295,Ara
296,Arava
297,Araya
298,Arcadia
299,Arcata
300,Arch
301,Archer
302,Arden
303,Arely
304,Ari
305,Aria
306,Ariadne
307,Arial
308,Ariana
309,Arianna
310,Arianno
311,Ariel
312,Ariella
313,Arielle
314,Aristea
315,Aristote
316,Arlee
317,Arlinn
318,Arlo
319,Armani
320,Armoni
321,Arri
322,Arsen
323,Arseny
324,Arthur
325,Artie
326,Arturo
327,Arun
328,Arwen
329,Arya
330,Arynn
331,Aryssa
332,Asa
333,Ash
334,Asha
335,Ashanti
336,Asher
337,Asherah
338,Ashlan
339,Ashlee
340,Ashleigh
341,Ashley
342,Ashlie
343,Ashlin
344,Ashlyn
345,Ashlynn
346,Ashtin
347,Ashton
348,Ashtyn
349,Asibul
350,Asiyah
351,Aspacelia
352,Aspen
353,Assoumer Redempta
354,Aster
355,Atanaska
356,Atticus
357,Aubree
358,Aubrey
359,Auden
360,Audra
361,Audree
362,Audrey
363,Audrina
364,Audry
365,August
366,Augusta
367,Augustine
368,Augustus
369,Auni
370,Auralee
371,Aurianna
372,Aurora
373,Austen
374,Austin
375,Auston
376,Autumn
377,Ava
378,Avangeleena
379,Avary
380,Averi
381,Averie
382,Avery
383,Avi
384,Avia
385,Avrie
386,Avrielle
387,Awnan
388,Axel
389,Axton
390,Aya
391,Ayax
392,Aydan
393,Aydemar
394,Ayden
395,Aydin
396,Ayla
397,Aylan
398,Ayse
399,Ayvrie
400,Aziana
401,Azin
402,Azzio
403,Baba
404,Babatunde
405,Baden
406,Baelyn
407,Bailee
408,Bailei
409,Bailey
410,Baillee
411,Baillie
412,Bair
413,Bakr
414,Balyn
415,Bamidele
416,Barla
417,Barret
418,Barrett
419,Bastien
420,Batuhan
421,Bau
422,Bayjn
423,Baylee
424,Bayli
425,Baylie
426,Baylor
427,Bayly
428,Beau
429,Becca
430,Beck
431,Beckett
432,Beckham
433,Becky
434,Bee
435,Behnaz
436,Behzad
437,Bela
438,Belen
439,Belief
440,Belinda
441,Bella
442,Bellamy
443,Belle
444,Bello
445,Ben
446,Bengt Miles
447,Benjamin
448,Benjermin
449,Bennet
450,Bennett
451,Benny
452,Bentley
453,Benton
454,Beowulf
455,Bergen
456,Berkeley
457,Berkley
458,Berlin
459,Bernadette
460,Bernadine
461,Bernard
462,Berrigan
463,Beth
464,Bethanne
465,Bethany
466,Betsey
467,Bettina
468,Bevinn
469,Bianca
470,Bianka
471,Billie
472,Billy
473,Birch
474,Birkelyn
475,Bjorn
476,Blaine
477,Blair
478,Blaire
479,Blaise
480,Blake
481,Blanka
482,Blaque
483,Blythe
484,Bo
485,Bobbi
486,Bobbie
487,Bode
488,Boden
489,Bodhi
490,Bodi
491,Bodie
492,Bodin
493,Boedy
494,Bogdan-Teodor
495,Bones
496,Bonnie
497,Boone
498,Bora
499,Bowdrie
500,Bowen
501,Bowie
502,Bozhao
503,Brace
504,Brad
505,Bradan
506,Braden
507,Bradford
508,Bradi
509,Bradley
510,Brady
511,Bradyn
512,Brae
513,Braeden
514,Braedon
515,Brahm
516,Braiden
517,Brandi
518,Brandie
519,Brandon
520,Branson
521,Brantly
522,Braxon
523,Braxton
524,Brayce
525,Brayden
526,Braydon
527,Braylen
528,Brea
529,Brean
530,Breana
531,Breann
532,Breanna
533,Breanne
534,Breck
535,Brecken
536,Bree
537,Breelle
538,Brekken
539,Bremer
540,Bren
541,Brenda
542,Brendan
543,Brenden
544,Brendie
545,Brendon
546,Brenna
547,Brennan
548,Brennen
549,Brennon
550,Brent
551,Brenton
552,Breonna
553,Bret
554,Brett
555,Brettlinn
556,Breuklyn
557,Brewster
558,Breyer
559,Bria
560,Briahna
561,Brian
562,Briana
563,Brianna
564,Briar
565,Bridger
566,Bridget
567,Bridgette
568,Brie
569,Brielle
570,Brighton
571,Brilee
572,Brin
573,Brindly
574,Brinley
575,Brinn
576,Britney
577,Britta
578,Brittany
579,Brittley
580,Brittney
581,Britton
582,Brock
583,Broderick
584,Brodi
585,Brody
586,Brodyn
587,Brogan
588,Brook
589,Brooke
590,Brookelyn
591,Brookelynn
592,Brooklin
593,Brooklyn
594,Brooklynn
595,Brooklynne
596,Brooks
597,Broque
598,Bruce
599,Bruna
600,Bruno
601,Bryan
602,Bryana
603,Bryant
604,Bryce
605,Brycen
606,Bryleigh
607,Bryn
608,Brynlee
609,Brynn
610,Brynne
611,Brysen
612,Bryson
613,Brysynn
614,Brytan
615,Bud
616,Buddy
617,Buggy
618,Buren
619,Burgin
620,Burke
621,Byron
622,CJ
623,Cabella
624,Caber
625,Cade
626,Cadel
627,Caden
628,Caden James
629,Cadence
630,Cadish
631,Cady
632,Cadyn
633,Cael
634,Caelan
635,Caelen
636,Caely
637,Cagnie
638,Cailin
639,Caitlin
640,Caitlyn
641,Caitlyne
642,Caitlynn
643,Calder
644,Cale
645,Caleb
646,Caleigh
647,Cali
648,Calihan
649,Calista
650,Calla
651,Callahan
652,Callan
653,Calli
654,Callie
655,Calliope
656,Callum
657,Cally
658,Calum
659,Calvin
660,Cambell
661,Cambelle
662,Camber
663,Cambri
664,Cambria
665,Camden
666,Cameron
667,Cameryn
668,Camilla
669,Camille
670,Cammy
671,Campbell
672,Campbelle
673,Camrin
674,Camron
675,Camryn
676,Camrynn
677,Can
678,Cana
679,Candis
680,Cannon
681,Canyon
682,Cara
683,Carah
684,Caralyn
685,Carder
686,Caressa
687,Carissa
688,Carl
689,Carleen
690,Carley
691,Carlie
692,Carlisle
693,Carlo
694,Carlos
695,Carly
696,Carlynn
697,Carmela
698,Carmen
699,Carmine
700,Carol
701,Carolina
702,Caroline
703,Carolyn
704,Carolyne
705,Carrie
706,Carsen
707,Carson
708,Carsten
709,Carsyn
710,Carter
711,Carver
712,Carys
713,Case
714,Casen
715,Casey
716,Cash
717,Caspian
718,Cassadie
719,Cassandra
720,Cassidy
721,Cassie
722,Cassieann
723,Cassiopeia
724,Catalina
725,Catelyn
726,Caterina
727,Caterine
728,Catharine
729,Catherine
730,Catlin
731,Caul
732,Cavender
733,Cayden
734,Cayla
735,Cayley
736,Cayson
737,Cayton
738,Cd
739,Cearra
740,Cecelia
741,Cecilia
742,Cecilia-Fox
743,Cedar
744,Cedric
745,Cedrick
746,Ceili
747,Ceirinan
748,Celeste
749,Celia
750,Ceri
751,Cerise
752,Cesar
753,Chad
754,Chae
755,Chanah
756,Chance
757,Chandler
758,Chandra
759,Chaney
760,Changsun
761,Chanielle
762,Chanisse
763,Chante
764,Chantelle
765,Charity
766,Charles
767,Charlette
768,Charley
769,Charli
770,Charlie
771,Charlisa
772,Charlotte
773,Charly
774,Charo
775,Chase
776,Chay
777,Chayne
778,Chaz
779,Chazen
780,Chelsea
781,Chelseana
782,Chelsey
783,Chelsie
784,Cherry
785,Chesney
786,Chet
787,Cheyanna
788,Cheyanne
789,Cheyenne
790,Chi
791,Chiara
792,Chidimma
793,Chika
794,Chioma
795,Chiseche
796,Chloe
797,Chloey
798,Chris
799,Christal
800,Christi
801,Christian
802,Christiana
803,Christianna
804,Christina
805,Christine
806,Christinia
807,Christofer
808,Christoffer
809,Christopher
810,Christy
811,Chrys
812,Cialeo
813,Ciara
814,Ciaran
815,Ciarrah
816,Ciel
817,Cienna
818,Ciera
819,Cierra
820,Cinda
821,Cindy Joann
822,Cinnamon
823,Cinnone
824,Claira
825,Claire
826,Clancy
827,Clara
828,Clare
829,Clarice
830,Clarissa
831,Clark
832,Claudia
833,Claurisa
834,Clay
835,Clayton
836,Clemens
837,Clementine
838,Clementyne
839,Cleo
840,Clifford
841,Clint
842,Clinton
843,Clio
844,Cloey
845,Codie
846,Cody
847,Coen
848,Coeur
849,Colbie
850,Colby
851,Colden
852,Cole
853,Coleen
854,Coleman
855,Coleton
856,Colette
857,Colin
858,Colleen
859,Collin
860,Colman
861,Colsen
862,Colson
863,Colston
864,Colt
865,Coltan
866,Colten
867,Colter
868,Colton
869,Colum
870,Conagher
871,Conall
872,Connell
873,Conner
874,Connor
875,Conor
876,Conrad
877,Constance
878,Constantine
879,Cooper
880,Cora
881,Cora Rose
882,Coral
883,Coralyn
884,Corbin
885,Corey
886,Corina
887,Corinne
888,Cormac
889,Cormick
890,Cornelia
891,Corrina
892,Cort
893,Cortland
894,Cortney
895,Cory
896,Coryn
897,Cosette
898,Costas
899,Couper
900,Courage
901,Court
902,Courtlyn
903,Courtney
904,Cove
905,Coy
906,Craig
907,Crean
908,Cristian
909,Crosby
910,Cruz
911,Crystal
912,Cullen
913,Cullin
914,Curran
915,Curren
916,Curtis
917,Cutter
918,Cy
919,Cyan
920,Cyanea
921,Cydnee
922,Cye
923,Cylis
924,Cyncere
925,Cynthia
926,Cyrus
927,D'Angelo
928,D'Elta
929,Daan
930,Dacia
931,Dacota
932,Daeja
933,Daela
934,Dagny
935,Dahnbi
936,Dahomey
937,Dailey
938,Dain
939,Daisa
940,Daisen
941,Daisy
942,Daisy-Jean
943,Dakota
944,Dakotah
945,Dale
946,Dallan
947,Dallas
948,Dallin
949,Dalton
950,Damaris
951,Damian
952,Damien
953,Damion
954,Damon
955,Dana
956,Danaan
957,Dane
958,Dani
959,Danica
960,Danie
961,Daniel
962,Daniela
963,Daniella
964,Danielle
965,Danika
966,Danita
967,Dannah
968,Danner
969,Dannie
970,Dante
971,Danya
972,Danyel
973,Danyla
974,Daphne
975,Dara
976,Darbey
977,Darby
978,Darcy
979,Darian
980,Darin
981,Dario
982,Darius
983,Darra
984,Darrell
985,Darrellyn
986,Darrian
987,Dashiell
988,David
989,Davis
990,Dawa
991,Dawn
992,Dawson
993,Dax
994,Daxter
995,Daxton
996,Daylen
997,Daymond
998,Dayna
999,Dayne
1000,Dayton
1001,Daytona
1002,Dayu
1003,DeLaney
1004,DeLynne
1005,Dean
1006,Debaleena Datta
1007,Debbie
1008,Declan
1009,Deepak Vijayan
1010,Degan
1011,Deidra
1012,Deidre
1013,Dekota
1014,Del
1015,Delainey
1016,Delaney
1017,Delanie
1018,Delia
1019,Delila
1020,Demian
1021,Denali
1022,Denia
1023,Denice
1024,Denim
1025,Denise
1026,Dennis
1027,Denny
1028,Denver
1029,Derek
1030,Derick
1031,Derius
1032,Derrek
1033,Derrick
1034,Derrik
1035,Deryk
1036,Desi
1037,Desiree
1038,Desmond
1039,Destanee
1040,Destiny
1041,Devan
1042,Devanshi
1043,Deven
1044,Devin
1045,Devinn
1046,Devon
1047,Devyn
1048,Dewan Sal-Sabil
1049,Dexter
1050,Dezarae
1051,Dhanisha
1052,Dhirendra
1053,Diamond
1054,Diana
1055,Diane
1056,Dianna
1057,Diego
1058,Diether Zeh
1059,Digant
1060,Dilara
1061,Dillan
1062,Dillen
1063,Dillon
1064,Dimantha
1065,Dinah
1066,Dion
1067,Dipak
1068,Dipiza
1069,Dirk
1070,Disa
1071,Dita
1072,Dixie
1073,Dmitri
1074,Dmitry
1075,Domenic
1076,Dominic
1077,Dominic-Carl
1078,Dominick
1079,Dominik
1080,Don
1081,Donald
1082,Donella
1083,Donovan
1084,Dora
1085,Doriane
1086,Doris
1087,Douglas
1088,Drake
1089,Drea
1090,Dreayla
1091,Drew
1092,Dreyden
1093,Dru
1094,Drue
1095,Duilio
1096,Duke
1097,Dulcey
1098,Duncan
1099,Dunia
1100,Dustin
1101,Dustyn
1102,Dylan
1103,Dyllan
1104,Dylon
1105,Dziko
1106,Earl
1107,Easton
1108,Ebenezer
1109,Ebony
1110,Echo
1111,Ector
1112,Eddy
1113,Eden
1114,Edie
1115,Edison
1116,Edison Skye
1117,Edith
1118,Eduardo
1119,Edvin
1120,Edward
1121,Edwin
1122,Efe
1123,Efrosinia
1124,Eileen
1125,Eirwyn
1126,El Shaddai
1127,El-Freda
1128,Elaina
1129,Elden
1130,Eleah
1131,Eleanor
1132,Elena
1133,Eleni
1134,Elexe
1135,Eli
1136,Eliana
1137,Elias
1138,Elif
1139,Eligha
1140,Eligius Darren
1141,Elijah
1142,Elina
1143,Eliot
1144,Elisa
1145,Elisabeth
1146,Elise
1147,Elissa
1148,Eliysha
1149,Eliza
1150,Elizabeth
1151,Ella
1152,Ella May
1153,Ellah
1154,Elle
1155,Elleayn
1156,Ellee
1157,Elleigh
1158,Ellen
1159,Ellery
1160,Elli
1161,Elliana
1162,Elliane
1163,Ellianna
1164,Ellie
1165,Elliette
1166,Elliot
1167,Elliott
1168,Ellis
1169,Ellise
1170,Elly
1171,Ellyce
1172,Ellyn
1173,Ellyse
1174,Ellysen
1175,Eloise
1176,Elora
1177,Els
1178,Elsa
1179,Elsie
1180,Elyse
1181,Elysia
1182,Elysium
1183,Elyssa
1184,Elyza
1185,Elyze
1186,Ember
1187,Emelia
1188,Emerald
1189,Emerson
1190,Emery
1191,Emi
1192,Emil
1193,Emilee
1194,Emiley
1195,Emilia
1196,Emiliana
1197,Emiliano
1198,Emilie
1199,Emilio
1200,Emily
1201,Emilyn
1202,Emin
1203,Emma
1204,Emma Lee
1205,Emma Thomas
1206,Emmachelle
1207,Emmalee
1208,Emmaline
1209,Emmalyn
1210,Emmanuel
1211,Emmanuel Nii Adjei
1212,Emmanuel Ray
1213,Emmarie
1214,Emmeri
1215,Emmersyn
1216,Emmery
1217,Emmet
1218,Emmett
1219,Emmi
1220,Emmie
1221,Emmitt
1222,Emmy
1223,Emogene
1224,Emory
1225,Emre
1226,Emrie
1227,Emry
1228,Emtiaz
1229,Emyr
1230,Enkhchimeg
1231,Enola
1232,Eoghan
1233,Eoin
1234,Eqi
1235,Eren
1236,Eric
1237,Erica
1238,Erich
1239,Erick
1240,Ericka
1241,Ericson
1242,Erik
1243,Erika
1244,Erika-Ina
1245,Erikka
1246,Erin
1247,Erinn
1248,Erna
1249,Ernest
1250,Ernesto
1251,Ervin
1252,Eryn
1253,Esaie
1254,Eslie
1255,Esma
1256,Esme
1257,Esmeralda
1258,Esteban
1259,Estella
1260,Estelle
1261,Esten
1262,Estepan
1263,Esther
1264,Estrella
1265,Ethan
1266,Eudora
1267,Eva
1268,Evan
1269,Evander
1270,Evangelia
1271,Evanic
1272,Evann
1273,Evanthe
1274,Eve
1275,Evelyn
1276,Evelynn
1277,Evelynne
1278,Everett
1279,Everlyne
1280,Everton
1281,Evynn
1282,Ezekiel
1283,Ezra
1284,Ezri
1285,Fabian
1286,Fabiola
1287,Faila
1288,Faith
1289,Faleatua
1290,Fallon
1291,Fannie
1292,Faolan
1293,Farah
1294,Farahbeth
1295,Fariha
1296,Faris
1297,Farouk
1298,Farrah
1299,Farrahlean
1300,Farrell
1301,Farshina
1302,Farzana
1303,Fatemeh
1304,Fatih
1305,Fatima
1306,Fayla
1307,Feiza
1308,Felicia
1309,Felicity
1310,Felix
1311,Fenton
1312,Fergus
1313,Field
1314,Fin
1315,Finlay
1316,Finley
1317,Finli
1318,Finn
1319,Finneas
1320,Finnegan
1321,Finnesey
1322,Finnian
1323,Finnley
1324,Finola
1325,Fintan
1326,Fiona
1327,Fischer
1328,Flor
1329,Flora
1330,Florence
1331,Floyd
1332,Flynn
1333,Fogaa
1334,Forrest
1335,Frances
1336,Francesca
1337,Francheska
1338,Franci
1339,Francis
1340,Francisco
1341,Frank
1342,Frank Fuzzy
1343,Frankie
1344,Franklin
1345,Frannie
1346,Franz
1347,Frazer
1348,Fred
1349,Frederick
1350,Fredrick
1351,Fredrik
1352,Frehiwot
1353,Freja
1354,Gabe
1355,Gaberial
1356,Gaberiella
1357,Gable
1358,Gabriel
1359,Gabriell
1360,Gabriella
1361,Gabrielle
1362,Gabryelle
1363,Gaby
1364,Gage
1365,Gaige
1366,Gaku
1367,Galen
1368,Gannon
1369,Garett
1370,Garland
1371,Garner
1372,Garret
1373,Garrett
1374,Garrison
1375,Gary
1376,Gates
1377,Gatlin
1378,Gauri
1379,Gaven
1380,Gavin
1381,Gavyn
1382,Gayla
1383,Gaylan
1384,Gayle
1385,Gedrek
1386,Gemma
1387,Genavi
1388,Genesea
1389,Genesis
1390,Genevieve
1391,Genina
1392,Genivieve
1393,Gennavieve
1394,Genoa
1395,Gentry
1396,Geoffory
1397,Georg
1398,George
1399,Georgia
1400,Georgianna
1401,Gerard
1402,Gerrit
1403,Gerry
1404,Gianluca
1405,Gianna
1406,Gideon
1407,Gidian
1408,Gilean
1409,Gillian
1410,Gina
1411,Ginger
1412,Ginny Lou
1413,Gino
1414,Giorgio
1415,Giorgio Luigi
1416,Giovane
1417,Giovanni
1418,Giovanni Mateo
1419,Gisele
1420,Giselle
1421,Gissell
1422,Gisselle
1423,Giulia
1424,Gizzel
1425,Glen
1426,Glenn
1427,Gloria
1428,Gloriana
1429,Goldie
1430,Gordon
1431,Grace
1432,Grace Anne
1433,Grace Ellen
1434,Gracelyn
1435,Gracen
1436,Gracey
1437,Graci
1438,Gracie
1439,Gracilyn
1440,Gracyn
1441,Grady
1442,Grae
1443,Graham
1444,Grant
1445,Gratia
1446,Gray
1447,Grayce
1448,Grayden
1449,Grayling
1450,Grayson
1451,Greely
1452,Greer
1453,Greg
1454,Gregory
1455,Greta
1456,Gretchen
1457,Gretel
1458,Gretta
1459,Grey
1460,Greyden
1461,Greyson
1462,Griffen
1463,Griffin
1464,Guillaume
1465,Guillermo
1466,Gunnar
1467,Gunner
1468,Gus
1469,Gustaf
1470,Gustavo
1471,Gwendolyn
1472,Gweneth
1473,Gwenyth
1474,Gwyneth
1475,Gypsy
1476,Haaken
1477,Haakon
1478,Hadley
1479,Haedyn
1480,Haiden
1481,Haidyn
1482,Hailee
1483,Hailey
1484,Hailie
1485,Hailley
1486,Hakyla
1487,Halaina
1488,Halee
1489,Halen
1490,Haley
1491,Halie
1492,Halle
1493,Hallie
1494,Halton
1495,Hana
1496,Hanah
1497,Hanako
1498,Handenur
1499,Hanna
1500,Hannah
1501,Haonan
1502,Harald
1503,Harleigh
1504,Harley
1505,Harold
1506,Harper
1507,Harris
1508,Harrison
1509,Harry
1510,Hartley
1511,Harvey
1512,Hatcher
1513,Hattie
1514,Haven
1515,Havilah
1516,Hawken
1517,Hayden
1518,Hayes
1519,Haylee
1520,Hayley
1521,Haylie
1522,Hayven
1523,Hazel
1524,Heath
1525,Heather
1526,Heaven
1527,Hector
1528,Heidi
1529,Heighlee Darlee
1530,Helaina
1531,Helen
1532,Helena
1533,Hendrick
1534,Henley
1535,Henry
1536,Herberth
1537,Herschell
1538,Hershel
1539,Heru
1540,Het
1541,Heta-Leena
1542,Heval
1543,Hezekiah
1544,Hidayet Mustafa
1545,Hillary
1546,Hiram
1547,Hiro
1548,Holden
1549,Holiday
1550,Holland
1551,Holley
1552,Hollin
1553,Hollis
1554,Holly
1555,Holt
1556,Holter
1557,Hope
1558,Hossein
1559,Houston
1560,Howard
1561,Hoyt
1562,Hudson
1563,Hugh
1564,Hugo
1565,Hui
1566,Huiwu
1567,Huizi
1568,Hunt
1569,Hunter
1570,Hutch
1571,HwaYoung
1572,IGNACIO
1573,ISHA
1574,Iain
1575,Ian
1576,Iclal
1577,Ignacio
1578,Iker
1579,Ila
1580,Ilayda
1581,Ilgi
1582,Ilia
1583,Ilse
1584,Imogen
1585,Imre
1586,India
1587,Indie
1588,Indigo
1589,Indira
1590,Ingrid
1591,Inna
1592,Ioannis
1593,Ipek
1594,Irakoze
1595,Ireland
1596,Irelyn
1597,Irem
1598,Irini
1599,Iris
1600,Irish
1601,Iroko
1602,IsaBella
1603,Isaac
1604,Isaak
1605,Isabeau
1606,Isabel
1607,Isabell
1608,Isabella
1609,Isabelle
1610,Isaiah
1611,Isak
1612,Isbah
1613,Isha
1614,Ishita
1615,Isidro
1616,Isla
1617,Ismoiljon
1618,Isobel
1619,Itai
1620,Italia
1621,Ivan
1622,Iver
1623,Ivory
1624,Ivy
1625,Izaak
1626,Izabel
1627,Izabella
1628,Izabelle
1629,Izak
1630,Izayah
1631,Izzabella
1632,Jabe
1633,Jabez
1634,Jace
1635,Jacek
1636,Jacen
1637,Jacey
1638,Jack
1639,Jackie
1640,Jackilyn
1641,Jackman
1642,Jackson
1643,Jacksun
1644,Jaclyn
1645,Jacob
1646,Jacobi
1647,Jacqueline
1648,Jacques
1649,Jacy
1650,Jada
1651,Jadah
1652,Jade
1653,Jaden
1654,Jadi
1655,Jadon
1656,Jadyn
1657,JaeNeece
1658,Jaeden
1659,Jaedon
1660,Jaedyn
1661,Jaelyn
1662,Jaemarc
1663,Jaia
1664,Jaidan
1665,Jaiden
1666,Jaidyn
1667,Jailey
1668,Jaime
1669,Jaimee
1670,Jaimie
1671,Jaimielynne
1672,Jak
1673,Jake
1674,Jakob
1675,Jalen
1676,Jaley
1677,Jalina
1678,James
1679,Jameson
1680,Jamie
1681,Jamison
1682,Jamisyn
1683,Jana
1684,Janaki
1685,Jane
1686,Janelle
1687,Janice
1688,Janie
1689,Jared
1690,Jarek
1691,Jaren
1692,Jaret
1693,Jarett
1694,Jarin
1695,Jarod
1696,Jarret
1697,Jarrett
1698,Jarrod
1699,Jase
1700,Jasem
1701,Jasen
1702,Jasmin
1703,Jasmine
1704,Jasmyn
1705,Jason
1706,Jasper
1707,Javonte
1708,Jawad
1709,Jax
1710,Jaxon
1711,Jaxsen
1712,Jaxson
1713,Jaxxon
1714,Jay
1715,Jaya
1716,Jayce
1717,Jaycee
1718,Jaycie
1719,Jayda
1720,Jayde
1721,Jayden
1722,JaydieLianne
1723,Jaydin
1724,Jaye
1725,Jayleen
1726,Jaylen
1727,Jaylene
1728,Jaylin
1729,Jaylyn
1730,Jayme
1731,Jayna
1732,Jayne
1733,Jayse
1734,Jayson
1735,Jazlyn
1736,Jazmin
1737,Jazmine
1738,Jean Paul
1739,Jeana
1740,Jeannette
1741,Jed
1742,Jedediah
1743,Jeff
1744,Jeffery
1745,Jeffrey
1746,Jeffry
1747,Jemma
1748,Jen
1749,Jena
1750,Jenae
1751,Jenalyn
1752,Jenavieve
1753,Jenessa
1754,Jenevra
1755,Jenish
1756,Jenna
1757,Jennelle
1758,Jennifer
1759,Jennika
1760,Jennings
1761,Jenny
1762,Jens
1763,Jensen
1764,Jerad
1765,Jerelynn
1766,Jeremiah
1767,Jeremy
1768,Jeremya
1769,Jeren
1770,Jericho
1771,Jerimiah
1772,Jermaine
1773,Jerome
1774,Jeronimo
1775,Jerrob
1776,Jerry
1777,Jerusha Neethimozhi
1778,Jerzee
1779,Jess
1780,Jesse
1781,Jessi
1782,Jessica
1783,Jessie
1784,Jessminda
1785,Jessy
1786,Jesus
1787,Jet
1788,Jetara
1789,Jett
1790,Jewelee
1791,Jezrael
1792,Jhase
1793,Jherzen
1794,Jhett
1795,Jiahui
1796,Jiejie
1797,Jill
1798,Jillayne
1799,Jillian
1800,Jillianna
1801,Jimena
1802,Jimmy
1803,Jingyi
1804,Jo
1805,JoLyn
1806,Joanna
1807,Joanne
1808,Jocelyn
1809,Jocelynn
1810,Joci
1811,Jodi
1812,Jodiah
1813,Jody
1814,Joe
1815,Joel
1816,Joelie
1817,Joella
1818,Joelle
1819,Joely
1820,Joey
1821,Johannes
1822,John
1823,John Cole
1824,John Emoche
1825,John Mark
1826,John-Paul
1827,Johnathan
1828,Joji
1829,Jojo
1830,Jolen
1831,Jolene
1832,Joli
1833,Jolie
1834,Jon
1835,Jonah
1836,Jonas
1837,Jonathan
1838,Jonathan-Gavin
1839,Jonathon
1840,Jonea
1841,Jonmichael
1842,Jonna
1843,Jonni
1844,Jonus
1845,Jordan
1846,Jordin
1847,Jordon
1848,Jordy
1849,Jordyn
1850,Jorge
1851,Jorgen
1852,Josclyn
1853,Jose
1854,Josef
1855,Josefine
1856,Joselin
1857,Joselyn
1858,Joseph
1859,Josephina
1860,Josephine
1861,Josette
1862,Josey
1863,Josh
1864,Joshua
1865,Josiah
1866,Josie
1867,Joslyn
1868,Josselin
1869,Jourdain
1870,Jourdan
1871,Journey
1872,Jovany
1873,Jovie
1874,Joy
1875,Joyanna
1876,Joycee
1877,Jozette
1878,Juan
1879,Judah
1880,Judas
1881,Jude
1882,Judith
1883,Judson
1884,Julen
1885,Julia
1886,Julian
1887,Juliana
1888,Julianna
1889,Julianne
1890,Julie
1891,Juliet
1892,Juliette
1893,Julius
1894,Juliusz
1895,Jullian
1896,July
1897,June
1898,Junie
1899,Justice
1900,Justin
1901,Justina
1902,Justine
1903,Justus
1904,Kacelyn
1905,Kacey
1906,Kaci
1907,Kacie
1908,Kadance
1909,Kade
1910,Kaden
1911,Kadence
1912,Kadia
1913,Kadie
1914,Kadin
1915,Kady
1916,KaeLeigh
1917,Kaeden
1918,Kael
1919,Kaelan
1920,Kaelee
1921,Kaeleigh
1922,Kaeli
1923,Kaelin
1924,Kaelor
1925,Kaelyn
1926,Kagan
1927,Kagen
1928,Kahil
1929,Kahleb
1930,Kai
1931,Kaia
1932,Kaidan
1933,Kaiden
1934,Kaidyn
1935,Kaija
1936,Kaila
1937,Kailan
1938,Kailash
1939,Kailee
1940,Kaileia
1941,Kaileigh
1942,Kailer
1943,Kailey
1944,Kaili
1945,Kailyn
1946,Kaira
1947,Kaisja
1948,Kait
1949,Kaitlen
1950,Kaitlin
1951,Kaitlyn
1952,Kaiya
1953,Kaja
1954,Kala
1955,Kale
1956,Kaleb
1957,Kalee
1958,Kalei
1959,Kaleigh
1960,Kalen
1961,Kalena
1962,Kalev
1963,Kaley
1964,Kali
1965,Kalisi
1966,Kallen
1967,Kalley
1968,Kalli
1969,Kallie
1970,Kalyani
1971,Kalyn
1972,Kalynn
1973,Kameisha
1974,Kameron
1975,Kameryn
1976,Kami
1977,Kamila
1978,Kamilah
1979,Kamonsak
1980,Kamrin
1981,Kamryn
1982,Kane
1983,Kapaya
1984,Kappi
1985,Kar
1986,Kara
1987,Karalyn
1988,Kareena
1989,Karen
1990,Karess
1991,Kari
1992,Kariah
1993,Karin
1994,Karina
1995,Karinsa
1996,Karis
1997,Karishma
1998,Karisma
1999,Karl
2000,Karla
2001,Karlee
2002,Karley
2003,Karli
2004,Karlie
2005,Karlin
2006,Karly
2007,Karma
2008,Karmyne
2009,Karolina
2010,Karolyn
2011,Karolyne
2012,Karrlynn
2013,Karsang
2014,Karsen
2015,Karson
2016,Karsten
2017,Karter
2018,Karuna
2019,Kas
2020,Kascie
2021,Kasey
2022,Kasia
2023,Kason
2024,Kassandra
2025,Kassidy
2026,Kassie
2027,Kasslyn
2028,Kat
2029,Katara
2030,Katarina
2031,Kate
2032,Katelyn
2033,Katelynn
2034,Katelynne
2035,Katerena
2036,Kateri
2037,Katerina
2038,Katey
2039,Katherine
2040,Kathleen
2041,Kathrine
2042,Kathryn
2043,Katia
2044,Katie
2045,Katina
2046,Katlyn
2047,Katrielle
2048,Katrina
2049,Katryn
2050,Katura
2051,Katy
2052,Katya
2053,Kaveen
2054,Kavya
2055,Kay
2056,KayLyn
2057,Kaya
2058,Kayanna
2059,Kaycee
2060,Kaydance
2061,Kaydee
2062,Kayden
2063,Kaydence
2064,Kaydin
2065,Kaye
2066,Kayelynn
2067,Kayla
2068,Kaylah
2069,Kaylanna
2070,Kaylee
2071,Kayleen
2072,Kayleigh
2073,Kaylen
2074,Kayley
2075,Kaylie
2076,Kaylin
2077,Kayode
2078,Kaysea
2079,Kayson
2080,Kayton
2081,Kaz
2082,Kazi Faria
2083,Kea
2084,Keagan
2085,Keanu
2086,Keara
2087,Kearen
2088,Keaton
2089,Kee
2090,Keegan
2091,Keelan
2092,Keelee
2093,Keeleigh
2094,Keeler
2095,Keeley
2096,Keelie
2097,Keelin
2098,Keely
2099,Keenan
2100,Keera
2101,Keidan
2102,Keil
2103,Keilen
2104,Keira
2105,Keirsten
2106,Keith
2107,Kelan
2108,Kelci
2109,Keldon
2110,Kelenn
2111,Kell
2112,Kellan
2113,Kellen
2114,Kelley
2115,Kelli
2116,Kellie
2117,Kellsie
2118,Kelly
2119,Kelsen
2120,Kelsey
2121,Kelson
2122,Kelsy
2123,Kelton
2124,Kemmer
2125,Kenadie
2126,Kenai
2127,Kendahl
2128,Kendal
2129,Kendall
2130,Kendi
2131,Kendra
2132,Kendree
2133,Kendyl
2134,Kenley
2135,Kenna
2136,Kennah
2137,Kennedy
2138,Kenneth
2139,Kenny
2140,Keno
2141,Kenyan
2142,Kenzie
2143,Keona
2144,Kera
2145,Keri
2146,Kerianna
2147,Kerra
2148,Kerrianne
2149,Kerry
2150,Kershaw
2151,Kestley
2152,Kevin
2153,Kevis
2154,Khale
2155,Kiala
2156,Kian
2157,Kiana
2158,Kiarah
2159,Kiarash
2160,Kiarra
2161,Kieffer
2162,Kiegan
2163,Kier
2164,Kiera
2165,Kieran
2166,Kierlyn
2167,Kierra
2168,Kiersten
2169,Kiersty
2170,Kijah
2171,Kilah
2172,Kiley
2173,Kilie
2174,Killian
2175,Kim
2176,Kimball
2177,Kimber
2178,Kimberly
2179,Kincaid
2180,Kingcharles
2181,Kingsley
2182,Kinley
2183,Kinner
2184,Kinsey
2185,Kinsley
2186,Kira
2187,Kiralynn
2188,Kiris
2189,Kirke
2190,Kirsten
2191,Kirstin
2192,Kishwat
2193,Kisper
2194,Kiva
2195,Kiya
2196,Kjellen
2197,Klara
2198,Kobe
2199,Koda
2200,Kodi
2201,Kodie
2202,Kody
2203,Kohl
2204,Kolby
2205,Kole
2206,Kollen
2207,Kolt
2208,Kolten
2209,Kolter
2210,Kolton
2211,Kona
2212,Konnor
2213,Konrad
2214,Kooper
2215,Kopper
2216,Kora
2217,Korak
2218,Korathotage Lakviru
2219,Korbin
2220,Korbyn
2221,Kordian
2222,Kori
2223,Kortney
2224,Kortny
2225,Kory
2226,Kosma
2227,Kostas
2228,Kota
2229,Kourt
2230,Kris
2231,Krishna
2232,Krista
2233,Kristalynn
2234,Kristen
2235,Kristena
2236,Kristian
2237,Kristiana
2238,Kristie
2239,Kristin
2240,Kristina
2241,Kristine
2242,Kristjon
2243,Kristofer
2244,Kristoffer
2245,Kristopher
2246,Kross
2247,Krystal
2248,Krystan
2249,Krystian
2250,Kuper
2251,Kura
2252,Kurtis
2253,Kuumakalehiwaonalani
2254,KyLee
2255,Kya
2256,Kyah
2257,Kyan
2258,Kyce
2259,Kye
2260,Kyla
2261,Kylan
2262,Kylar
2263,Kyle
2264,Kylee
2265,Kyleigh
2266,Kyler
2267,Kyley
2268,Kylia
2269,Kylie
2270,Kyliegh
2271,Kylin
2272,Kyra
2273,Kyrah
2274,Kyria
2275,Kyrie
2276,Kysa
2277,Kyson
2278,Kyzer
2279,LaDrein
2280,Lacey
2281,Lachlan
2282,Laci
2283,Lacie
2284,Lacy
2285,Lael
2286,Laela
2287,Laiken
2288,Laila
2289,Lailah
2290,Lailie
2291,Lain
2292,Laine
2293,Lainey
2294,Laini
2295,Laird
2296,Laken
2297,Lakyn
2298,Lalilia
2299,Lamar
2300,Lana
2301,Lance
2302,Landen
2303,Landin
2304,Landis
2305,Landon
2306,Landrie
2307,Landry
2308,Lane
2309,Laney
2310,Lani
2311,Lanie
2312,Lara
2313,Larissa
2314,Larken
2315,Larkin
2316,Larry
2317,Lars
2318,Larson
2319,Laszlo
2320,Lateefat
2321,Latesha
2322,Launni
2323,Laura
2324,Lauralee
2325,Laurel
2326,Laurelin
2327,Lauren
2328,Laurence
2329,Laurids
2330,Laurie
2331,Lauryn
2332,Lawrence
2333,Lawson
2334,Layla
2335,Layna
2336,Layne
2337,Laynee
2338,Layton
2339,Lea
2340,Lea Lisa
2341,Leah
2342,Leander
2343,Leanne
2344,Lee
2345,Leela
2346,Leelynn
2347,Leia
2348,Leif
2349,Leigh
2350,Leigha
2351,Leighton
2352,Leila
2353,Leisher
2354,Leith
2355,Lela
2356,Lena
2357,Lennard
2358,Lennon
2359,Lenora
2360,Leo
2361,Leon
2362,Leonardo
2363,Leonna
2364,Leopold
2365,Leroy
2366,Lesl
2367,Lesley
2368,Leslie
2369,Levi
2370,Lewis
2371,Lex
2372,Lexi
2373,Lexie
2374,Lexington
2375,Lexis
2376,Lexus
2377,Leya
2378,Leyna
2379,Leysa
2380,Lia
2381,Liam
2382,Libby
2383,Liberty
2384,Liesel
2385,Liev
2386,Lila
2387,Lili
2388,Lilian
2389,Liliana
2390,Lilianna
2391,Lilijana
2392,Lilith
2393,Lilja
2394,Lillee
2395,Lilli
2396,Lillian
2397,Lilliana
2398,Lilly
2399,Lillyann
2400,Lillyanna
2401,Lily
2402,Lilyana
2403,Lilyann
2404,Lilyanna
2405,Limerick
2406,Lina-Sophie
2407,Lincoln
2408,Linda
2409,Linden
2410,Lindsay
2411,Lindsey
2412,Lindsten
2413,Linnea
2414,Linsey
2415,Lisa
2416,Lisbeth
2417,Litzy
2418,Liv
2419,Liv Claire
2420,Liveah
2421,Livia
2422,Liz
2423,Lizabeth
2424,Lizetta
2425,Lizzie
2426,Lliam
2427,Lloyd
2428,Lochlan
2429,Lochlin
2430,Logan
2431,Lois
2432,Lola
2433,Lona
2434,London
2435,Lonyatta
2436,Loralei
2437,Lorelei
2438,Loren
2439,Lorenzo
2440,Lori
2441,Lorne
2442,Lou
2443,Louis
2444,Louise
2445,Lourdes
2446,Lowell
2447,Lu
2448,Luara
2449,Luc
2450,Luca
2451,Lucas
2452,Lucca
2453,Lucette
2454,Lucia
2455,Luciana
2456,Lucie
2457,Lucien
2458,Lucienne
2459,Lucille
2460,Lucita
2461,Lucky
2462,Lucus
2463,Lucy
2464,Luigi
2465,Luis
2466,Lujjaine
2467,Luka
2468,Lukas
2469,Luke
2470,Lura
2471,Luvens
2472,Lydell
2473,Lydia
2474,Lyla
2475,Lyle
2476,Lylianne
2477,Lyndsay
2478,Lyndsey
2479,Lyndsie
2480,Lyndy
2481,Lynette
2482,Lynn
2483,Lynne
2484,Lynsey
2485,Lyora
2486,Lyssa
2487,M
2488,M'lissa
2489,MKenzie
2490,MaClay
2491,MaKena
2492,MacGwyer
2493,MacKenna
2494,MacKenzie
2495,MacLean
2496,Macalle
2497,Macardi
2498,Macee
2499,Macey
2500,Maci
2501,Macie
2502,Mack
2503,Mackayla
2504,Mackena
2505,Mackenna
2506,Mackenzie
2507,Maclain
2508,Macquarie
2509,Macray
2510,Macy
2511,Macyn
2512,Madaleine
2513,Madalen
2514,Madalyn
2515,Madalynn
2516,Maddalyn
2517,Maddelyn
2518,Maddie
2519,Maddilyn
2520,Maddison
2521,Maddisyn
2522,Maddox
2523,Madelaine
2524,Madeleine
2525,Madelin
2526,Madeline
2527,Madelyn
2528,Madelyne
2529,Madelynn
2530,Madie
2531,Madielyn
2532,Madigan
2533,Madilyn
2534,Madisan
2535,Madisen
2536,Madison
2537,Madisyn
2538,Madisynn
2539,Madylan
2540,Madysn
2541,Madyson
2542,Mae
2543,Maeva
2544,Maeve
2545,Magalee
2546,Magalie
2547,Magdalena
2548,Magella
2549,Maggi
2550,Maggie
2551,Magnolia
2552,Magnus
2553,Mahayla
2554,Mahedi
2555,Mahleah
2556,Mahmad Isaq
2557,Mahmoudreza
2558,Mahpara
2559,Maia
2560,Maiara
2561,Maida
2562,Maile
2563,Mailee
2564,Mairgreith
2565,Mairin
2566,Maisie
2567,Maison
2568,Maiya
2569,Majalya
2570,Makaila
2571,Makala
2572,Makayla
2573,Makaylla
2574,Makeeley
2575,Makena
2576,Makenna
2577,Makensie
2578,Makenzie
2579,Makinzie
2580,Makkela
2581,Maksym
2582,Malachi
2583,Malcolm
2584,Malea
2585,Maleeya
2586,Maleia
2587,Malek
2588,Malena
2589,Malia
2590,Malik
2591,Malika
2592,Malikye
2593,Malina
2594,Mallerie
2595,Mallorie
2596,Mallory
2597,Malorie
2598,Mandi
2599,Mandiaya
2600,Mandy
2601,Manjula
2602,Manu
2603,Manuel
2604,Manus
2605,Mara
2606,Marah
2607,Maraida
2608,Marc
2609,Marcel
2610,Marcela
2611,Marcella
2612,Marcia
2613,Marcie
2614,Marco
2615,Marcos
2616,Marcus
2617,Mardi
2618,Mareike
2619,Marek
2620,Marelle
2621,Maren
2622,Margaret
2623,Margo
2624,Margot
2625,Marguerite
2626,Mari
2627,Maria
2628,Mariah
2629,Mariah-May
2630,Marian
2631,Marianna
2632,Marianne
2633,Mariauna
2634,Maribelle
2635,Marie
2636,Marika
2637,Marin
2638,Marina
2639,Mario
2640,Marisa
2641,Marissa
2642,Marit
2643,Marjana Akther
2644,Marjorie
2645,Mark
2646,Marki
2647,Markisha
2648,Markus
2649,Marleah
2650,Marlee
2651,Marlena
2652,Marley
2653,Marli
2654,Marlo
2655,Marlon
2656,Marly
2657,Marquart
2658,Marqui
2659,Marren
2660,Marri
2661,Marsha
2662,Marshal
2663,Marshall
2664,Marta
2665,Martin
2666,Martina
2667,Marty
2668,Marvin
2669,Mary
2670,Mary Frances
2671,Mary Jean
2672,Mary Kate
2673,Mary-Jane
2674,Maryn
2675,Masen
2676,Mashrur Ahmed
2677,Masiela
2678,Maslin
2679,Mason
2680,Matan
2681,Mateo
2682,Mathew
2683,Mathias
2684,Mathieu
2685,Matigan
2686,Matilda
2687,Matson
2688,Matt
2689,Mattea
2690,Matthew
2691,Matthias
2692,Mattilyn
2693,Mattison
2694,Mattox
2695,Matvey
2696,Maura
2697,Maurine
2698,Maurycy
2699,Maverick
2700,Max
2701,Maxamillian
2702,Maxen
2703,Maxene
2704,Maxime
2705,Maximilian
2706,Maximillian
2707,Maximo
2708,Maximus
2709,Maxine
2710,Maxwel
2711,Maxwell
2712,Maya
2713,Mayiehl
2714,Maysa
2715,Mayson
2716,Mazie
2717,McBeth
2718,McCade
2719,McCall
2720,McDonough
2721,McKayla
2722,McKenna
2723,McKenzie
2724,McKinley
2725,McLain
2726,Mcgregor
2727,Mckay
2728,Mckell
2729,Mckenna
2730,Mckennah
2731,Mckenzie
2732,Mckinley
2733,Mckylah
2734,Mclean
2735,Md Asaduzzaman
2736,Md Sayemul
2737,Md. Atiqur
2738,Meadow
2739,Meagan
2740,Meaghan
2741,Meakin
2742,Meara
2743,Mechele
2744,Medora
2745,Meena
2746,Meg
2747,Meg Khalifa
2748,Megan
2749,Meghan
2750,Mehmet
2751,Mei Ling
2752,Mekhi
2753,Melania
2754,Melanie
2755,Melena
2756,Melia
2757,Melike
2758,Melinda
2759,Meline
2760,Melisa
2761,Melissa
2762,Melodie
2763,Melody
2764,Memphis
2765,Memphys
2766,Mercedes
2767,Mercer
2768,Meredith
2769,Meri
2770,Meriel
2771,Merinda
2772,Mert
2773,Meryl
2774,Mia
2775,Miah
2776,Mica
2777,Micaela
2778,Micah
2779,Micaiah
2780,Micaylyn
2781,Michael
2782,Michael Kelibah
2783,Michaela
2784,Michaelann
2785,Michajla
2786,Michele
2787,Michelle
2788,Mick
2789,Mickayla
2790,Mickey
2791,Miette
2792,Mijah
2793,Mika
2794,Mikael
2795,Mikaela
2796,Mikah
2797,Mikaila
2798,Mikayla
2799,Mike
2800,Mikel
2801,Mikena
2802,Mikenna
2803,Mikenzie
2804,Mikey
2805,Mikhial
2806,Mikiah
2807,Mikka
2808,Mila
2809,Milan
2810,Milana
2811,Miles
2812,Miller
2813,Milly
2814,Milo
2815,Milou
2816,Milus
2817,Mio
2818,Mira
2819,Mirana
2820,Miranda
2821,Miriam
2822,Miroslav
2823,Mischa
2824,Miselli
2825,Misty
2826,Mitch
2827,Mitchel
2828,Mitchell
2829,Miya
2830,Mo
2831,Mohamed
2832,Mohammad
2833,Mohammad Hosein
2834,Mohammed
2835,Moira
2836,Moises
2837,Molina
2838,Mollee
2839,Molli
2840,Mollie
2841,Molly
2842,Mone
2843,Monica
2844,Monika
2845,Monique
2846,Monroe
2847,Montana
2848,Monte
2849,Morgan
2850,Morgein
2851,Morghan
2852,Moriah
2853,Moriko
2854,Morresa
2855,Moso
2856,Muhammad Ashfakur
2857,Muhammad Faizan Rehman
2858,Muhammad Qasim
2859,Muhammad Umer
2860,Muira
2861,Muirgheal
2862,Mukul Kumar
2863,Murphy
2864,Mustabshira
2865,Mya
2866,Mycah
2867,Myiah
2868,Mykayla
2869,Mykenzie
2870,Myla
2871,Myles
2872,Mylie
2873,Myranda
2874,Myriam
2875,Mystique
2876,Nacoma
2877,Nader
2878,Nadia
2879,Nadine
2880,Nahtosinnihpah
2881,Nainoa
2882,Naish
2883,Nakia
2884,Nana
2885,Nana Ama Oye
2886,Nancy
2887,Naomi
2888,Narissa
2889,Nash
2890,Nashantee
2891,Nasim Mahmud
2892,Natali
2893,Natalia
2894,Natalie
2895,Nataliya
2896,Natalya
2897,Natasha
2898,Nate
2899,Nathalia
2900,Nathan
2901,Nathanael
2902,Nathaniel
2903,Nazareth
2904,Neel
2905,Neely
2906,Neeve
2907,Neil
2908,Neila
2909,Neina
2910,Nellie
2911,Nema
2912,Nettie
2913,Neva
2914,Nevaeh
2915,Nevin
2916,Nevra
2917,Nia
2918,Niall
2919,Niamh
2920,Nicholas
2921,Nicholaus
2922,Nichole
2923,Nicholia
2924,Nick
2925,Nickia
2926,Nicklas
2927,Nicklaus
2928,Nickolas
2929,Nickolaus
2930,Nicky
2931,Nico
2932,Nicola
2933,Nicolas
2934,Nicole
2935,Nicolette
2936,Nicolo
2937,Nidhi
2938,Nigel
2939,Nihal
2940,Nika
2941,Nikita
2942,Niklas
2943,Niko
2944,Nikoi
2945,Nikolai
2946,Nikolas
2947,Nikolaus
2948,Nikole
2949,Nikoli
2950,Nina
2951,Ninel
2952,Ninoo
2953,Nirvair
2954,Nirvana
2955,Nishant
2956,Nishu
2957,Nissa
2958,Nitasha
2959,Niv
2960,Nizhoni
2961,Noah
2962,Noble
2963,Noelle
2964,Noemi
2965,Noga
2966,Nolan
2967,Nomi
2968,Nora
2969,Norah
2970,Norma
2971,North
2972,Nour
2973,Noureddin
2974,November
2975,Nur Lara
2976,Nya
2977,Nyadhiel
2978,Nyah
2979,Nyla
2980,Nylie
2981,Nysa
2982,Nyssa
2983,Ocean
2984,Oceilly
2985,Octavia
2986,Odhran
2987,Odin
2988,Olai
2989,Olen
2990,Olin
2991,Olive
2992,Oliver
2993,Olivia
2994,Oliviah
2995,Olleke
2996,Ollie
2997,Oloche
2998,Olsen
2999,Olyver
3000,Onni
3001,Onur
3002,Oona
3003,Opal
3004,Ophelia
3005,Oren
3006,Oriana
3007,Orion
3008,Orisis
3009,Orlando
3010,Oryn
3011,Oscar
3012,Oscar-Spencer
3013,Oska
3014,Osker
3015,Ostian
3016,Osumanu Musah
3017,Otis
3018,Otto
3019,Oviya
3020,Owen
3021,Ozaa
3022,Pa Chia
3023,Pablo
3024,Pace
3025,Pacen
3026,Paeton
3027,Paetyn
3028,Pahl
3029,Paige
3030,Palak
3031,Palmer
3032,Paloma
3033,Pamela
3034,Pann
3035,Paola
3036,Paris
3037,Parker
3038,Parks
3039,Pascal
3040,Patience
3041,Patric
3042,Patricia
3043,Patrick
3044,Patti
3045,Patton
3046,Patty
3047,Paul
3048,Paula
3049,Paulina
3050,Pax
3051,Paxson
3052,Paxton
3053,Payten
3054,Payton
3055,Paytton
3056,Paytyn
3057,Pearce
3058,Peja
3059,Pendleton
3060,Penelope
3061,Peri
3062,Perrin
3063,Perry
3064,Persephone
3065,Pete
3066,Peter
3067,Petra
3068,Peyton
3069,Phelan
3070,Pheona
3071,Philip
3072,Phillip
3073,Philomena
3074,Phineas
3075,Phoebe
3076,Phoenix
3077,Pierce
3078,Pierson
3079,Pike
3080,Piper
3081,Pius
3082,Pooria
3083,Poppy
3084,Porter
3085,Prabina
3086,Prakash
3087,Prakriti
3088,Precious
3089,Preslei
3090,Presley
3091,Preslie
3092,Presly
3093,Preston
3094,Prince
3095,Princess
3096,Pryce
3097,Pukar
3098,Pushpa
3099,Qia
3100,Quaid
3101,Quealey
3102,Quentin
3103,Quiana
3104,Quin
3105,Quincee
3106,Quinci
3107,Quincy
3108,Quinlan
3109,Quinlin
3110,Quinn
3111,Quintan
3112,Quintin
3113,Quinton
3114,Quynh
3115,Quynn
3116,RAJA SRI VARDHAN
3117,Race
3118,Rachael
3119,Rachel
3120,Rachyl
3121,Racquel
3122,Radd
3123,Radek
3124,Radley
3125,RaeAnn
3126,Raef
3127,Raegan
3128,Raegen
3129,Raeya
3130,Rafe
3131,Raffaela
3132,Rahat
3133,Raily
3134,Raina
3135,Rainee
3136,Rainy
3137,Rakan
3138,Raleigh
3139,Raley
3140,Ralph
3141,Ralston
3142,Ramat
3143,Ramisha Fariha
3144,Ramsey
3145,Rana
3146,Randal
3147,Randee
3148,Randi
3149,Randy
3150,Ransom
3151,Raphael
3152,Raquel
3153,Rashylle
3154,Rathnayaka Mudiyanselage Nimasha
3155,Raven
3156,Ray
3157,RayAn
3158,Raya
3159,Raymond
3160,Rayna
3161,Rea
3162,Reagan
3163,Realei
3164,Reanna
3165,Reata
3166,Rebeca
3167,Rebecca
3168,Rebekah
3169,Red
3170,ReeLynn
3171,Reece
3172,Reed
3173,Reef
3174,Reegan
3175,Rees
3176,Reesa
3177,Reese
3178,Regan
3179,Reghan
3180,Regina
3181,Rehanna
3182,Reid
3183,Reiley
3184,Reilly
3185,Rejeana
3186,Remi
3187,Remington
3188,Ren
3189,Renee
3190,Rennie
3191,Reno
3192,Renzy
3193,Reuben
3194,Rex
3195,Reyna
3196,Rhea
3197,Rheanna
3198,Rhenee
3199,Rhett
3200,Rhiana
3201,Rhianna
3202,Rhiannon
3203,Rhiannon Bree
3204,Rhoda
3205,Rhyan
3206,Rhys
3207,Riad Morshed
3208,Rianna
3209,Rica
3210,Ricardo
3211,Ricardo Javier
3212,Richard
3213,Richard Alan
3214,Rick
3215,Rickey
3216,Ridge
3217,Ridger
3218,Ridley
3219,Rielly
3220,Rielyn
3221,Riffat
3222,Rigby
3223,Riggs
3224,Rikkee
3225,Rikki
3226,Riley
3227,Riley Jo
3228,Rinn
3229,Rio
3230,Rios
3231,Ripley
3232,Ristow
3233,Rita
3234,Ritu
3235,River
3236,Roan
3237,Roark
3238,Robert
3239,Roberta
3240,Roberto
3241,Robideaux
3242,Robin
3243,Robin Das
3244,Robyn
3245,Rocco
3246,Rochelle
3247,Rocky
3248,Rodney
3249,Rodrigo
3250,Roe
3251,Rogan
3252,Roger
3253,Rohan
3254,Rojelio
3255,Roland
3256,Roman
3257,Romulus
3258,Romy
3259,Ronak
3260,Ronald
3261,Ronan
3262,Ronatta
3263,Roni
3264,Ronja
3265,Ronnie
3266,Rorke
3267,Rory
3268,Rosalia
3269,Rosalie
3270,Rosalyn
3271,Rosamarie
3272,Rose
3273,Roseltha Leinee
3274,Rosemary
3275,Ross
3276,Roth
3277,Rowan
3278,Rowen
3279,Rowyn
3280,Roy
3281,Royce
3282,Roycelyn
3283,Ruben
3284,Ruby
3285,Rudolph
3286,Rudy
3287,Ruedi
3288,Russell
3289,Ruth
3290,Ruthee
3291,Ryan
3292,Ryann
3293,Ryanne
3294,Ryatt
3295,Ryden
3296,Ryder
3297,Ryen
3298,Ryenne
3299,Ryken
3300,Ryker
3301,Rylan
3302,Ryland
3303,Rylee
3304,Ryleigh
3305,Ryley
3306,Rylie
3307,Rylinn
3308,Rylyn
3309,Ryne
3310,SOPHIA
3311,Sabin
3312,Sabine
3313,Sable
3314,Sabrina
3315,Sadie
3316,Sadye
3317,Safia
3318,Sage
3319,Sagelyn
3320,Sailor
3321,Saimun Nahar
3322,Saira
3323,Sajana
3324,Sakina
3325,Sal
3326,Salene
3327,Sally
3328,Sam
3329,Samantha
3330,Samanthi Kumari Wijerathna
3331,Samara
3332,Samaya
3333,Sameer
3334,Samiha
3335,Samijo
3336,Samik
3337,Sammy
3338,Samone
3339,Samora
3340,Samson
3341,Samuel
3342,Samuel Antonio
3343,Sanai
3344,Sander
3345,Sandra
3346,Santino
3347,Sara
3348,Sarah
3349,Sarah Nell
3350,SarahJane
3351,Saransh
3352,Sarayah
3353,Sarida
3354,Sarina
3355,Sarkius
3356,Sarrah
3357,Saryna
3358,Sasha
3359,Satory
3360,Saul
3361,Saurabha
3362,Savana
3363,Savanah
3364,Savanna
3365,Savannah
3366,Savannah-Marin
3367,Sawyer
3368,Sawyer Ray
3369,Sayer
3370,Sayge
3371,Sayler
3372,Scarlet
3373,Scarlett
3374,Schannon
3375,Schuyler
3376,Scotlyn
3377,Scott
3378,Scottre
3379,Scout
3380,Seamus
3381,Sean
3382,Seana
3383,Seanna
3384,Sebastian
3385,Sedley
3386,Sedona
3387,Seeger
3388,Seeley
3389,Sela
3390,Selah
3391,Selahattin
3392,Selby
3393,Selia
3394,Selina
3395,Selwyn
3396,Sena
3397,Sephra
3398,Sequoia
3399,Serena
3400,Sergei
3401,Seth
3402,SeungAh
3403,Severena
3404,Seyedmojtaba
3405,Shad
3406,Shadlynn
3407,Shae
3408,Shaelyn
3409,Shah Ali Haider
3410,Shahnaj Zahan
3411,Shahriar
3412,Shaina
3413,Shaine
3414,Shama
3415,Shan
3416,Shane
3417,Shanell
3418,Shanika
3419,Shannin
3420,Shannon
3421,Shantell
3422,Shanti
3423,Sharaine Rovic
3424,Sharlin
3425,Sharon
3426,Shaun
3427,Shawn
3428,Shawna
3429,Shawnee
3430,Shawny
3431,Shay
3432,Shayden
3433,Shayl
3434,Shayla
3435,Shaylar
3436,Shaylee
3437,Shayne
3438,SheColby
3439,Shea
3440,Shealyn
3441,Sheamus
3442,Sheikh
3443,Shelbee
3444,Shelbie
3445,Shelby
3446,Sheldon
3447,Shelly
3448,Shenea
3449,Sheri
3450,Sheridan
3451,Shey
3452,Shilo
3453,Shiloh
3454,Shirley
3455,Shishir
3456,Shivam
3457,Shoaib Ahmad
3458,Shohei
3459,Shokhan
3460,Shoshana
3461,Shramana
3462,Shreya
3463,Si
3464,Siara
3465,Sidalee
3466,Siddarth
3467,Siddat
3468,Sidhee Sarit
3469,Sidney
3470,Sidrah
3471,Sieanna
3472,Siena
3473,Sienna
3474,Sierra
3475,Sierrah
3476,Sigourney
3477,Siina
3478,Silas
3479,Silva
3480,Silvester
3481,Sima
3482,Simeon
3483,Simi
3484,Simma
3485,Simon
3486,Simon Atta
3487,Sinai
3488,Siobhan
3489,Siri
3490,Sitiveni
3491,Sjon
3492,Skai
3493,Sky
3494,Skye
3495,Skylar
3496,Skyler
3497,Slade
3498,Slater
3499,Slayden
3500,Snowden
3501,Sobha
3502,Sofia
3503,Sofia Lourdes
3504,Solaira
3505,Solan
3506,Solomon
3507,Sonja
3508,Sonny
3509,Sonora
3510,Sonya
3511,Sophia
3512,Sophie
3513,Sophine
3514,Soren
3515,Soriya
3516,Soyoun
3517,Sparta
3518,Spence
3519,Spencer
3520,Sprague
3521,Stacey
3522,Staci
3523,Stacy
3524,Staley
3525,Starla
3526,Stathia
3527,Stavros
3528,Stefan
3529,Stefanie
3530,Steffan
3531,Steffani
3532,Stella
3533,Stellan
3534,Stephanie
3535,Stephany
3536,Stephen
3537,Sterling
3538,Stetson
3539,Steven
3540,Stevens
3541,Stevie
3542,Stewart
3543,Stina
3544,Stone
3545,Stormy
3546,Story
3547,Stran
3548,Stryder
3549,Stuart
3550,Su
3551,Sudhi
3552,Sujanraj
3553,Sullivan
3554,Sultan
3555,Sumaila
3556,Suman
3557,Summer
3558,Sundas
3559,Sunny
3560,Susan
3561,Susannah
3562,Susanne
3563,Susse
3564,Sutton
3565,Suzanne
3566,Suzu
3567,Svea
3568,Svetlana
3569,Sydnee
3570,Sydney
3571,Sydni
3572,Syed Haider Ali
3573,Syeda
3574,Sylvan
3575,Sylvia
3576,Sylvie
3577,Symbat
3578,Taavi
3579,Tabatha
3580,Tabitha
3581,Taden
3582,Tadeo
3583,Tag
3584,Tagert
3585,Taggart
3586,Tahereh
3587,Tahsheyahna
3588,Tahuna
3589,Tahveya
3590,Taianna
3591,Tailey
3592,Tait
3593,Taittum
3594,Taitum
3595,Taj
3596,Takeela
3597,Takhari
3598,Takilesi
3599,Talan
3600,Talea
3601,Taleah
3602,Talia
3603,Tallah
3604,Talon
3605,Talulah
3606,Tamara
3607,Tami
3608,Tamika
3609,Tammy
3610,Tamra
3611,Tana
3612,Tandy
3613,Taniela
3614,Tanisha
3615,Tanna
3616,Tannaz
3617,Tanner
3618,Tanya
3619,Tara
3620,Taran
3621,Tariq
3622,Taron
3623,Tarryn
3624,Taryn
3625,Tash
3626,Tasha
3627,Tashenawastewin
3628,Tashi
3629,Tasnia Javin
3630,Tate
3631,Tatiana
3632,Tatum
3633,Tay
3634,Taya
3635,Tayah
3636,Taycee
3637,Tayden
3638,Tayjah
3639,Taylar
3640,Tayleb
3641,Taylee
3642,Taylen
3643,Tayler
3644,Taylin
3645,Taylon
3646,Taylor
3647,Taylynn
3648,Taysen
3649,Tayshawn
3650,Taytum
3651,Tea
3652,Teagan
3653,Teaghan
3654,Teaghen
3655,Teague
3656,Teaje
3657,Teal
3658,Tearin
3659,Ted
3660,Teegan
3661,Tegan
3662,Tehmina
3663,Teirainy
3664,Tejas
3665,Telford
3666,Tenley
3667,Tennison
3668,Teo
3669,Terek
3670,Teresa
3671,Teri
3672,Terra
3673,Terran
3674,Terrance
3675,Terrin
3676,Terry
3677,Tesiah
3678,Tess
3679,Tessa
3680,Tevin
3681,Tevon
3682,Teya
3683,Thaddeus
3684,Thatcher
3685,Thea
3686,Theodora
3687,Theodore
3688,Therese
3689,Theron
3690,Thierry
3691,Thiloka
3692,Thomas
3693,Thomasina
3694,Thomson
3695,Thor
3696,Thorin
3697,Thorsen
3698,Tia
3699,Tia-Louise
3700,Tiahna
3701,Tiana
3702,Tianrun
3703,Tieg
3704,Tiegan
3705,Tiegen
3706,Tiffany
3707,Tigist
3708,Tilli
3709,Tillie
3710,Tim
3711,Timber
3712,Timbur
3713,Timothy
3714,Tina
3715,Tirin
3716,Tisha
3717,Titan
3718,Titus
3719,Tnesha
3720,Toben
3721,Tobias
3722,Tobin
3723,Toby
3724,Toby Allan
3725,Todd
3726,Tom
3727,Tomi
3728,Tommy
3729,Toni
3730,Tony
3731,Tor
3732,Tori
3733,Torin
3734,Torren
3735,Torrin
3736,Torsten
3737,Touhid
3738,Tova
3739,Tovah
3740,Tove
3741,Trace
3742,Tracee
3743,Tracer
3744,Tracey
3745,Tracy
3746,Trap
3747,Trapper
3748,Traver
3749,Travis
3750,Trayden
3751,Traye
3752,Treasure
3753,Trena
3754,Trent
3755,Trenton
3756,Treser
3757,Trever
3758,Trevon
3759,Trevor
3760,Trevyn
3761,Trey
3762,Treyden
3763,Treysan
3764,Treyson
3765,Treyten
3766,Treyton
3767,Trinity
3768,Trista
3769,Tristan
3770,Tristen
3771,Tristian
3772,Tristin
3773,Triston
3774,Tristyn
3775,Troy
3776,Trudi
3777,True
3778,Truett
3779,Truman
3780,Truth
3781,Trygve
3782,Trysten
3783,Tsila
3784,Tsomo
3785,Tucker
3786,Turner
3787,Twila
3788,Ty
3789,Tyanna
3790,Tycen
3791,Tyerra
3792,Tyla
3793,Tylee
3794,Tyler
3795,Tyra
3796,Tyrel
3797,Tyrus
3798,Tysan
3799,Tyson
3800,Ulises
3801,Ulysses
3802,Ume
3803,Unterrio
3804,Valeria
3805,Valerie
3806,Van
3807,Vance
3808,Vanessa
3809,Vann
3810,Vaughan
3811,Venessa
3812,Venkateswara Rao
3813,Vera
3814,Vernon
3815,Veronica
3816,Veronika
3817,Veyda
3818,Victor
3819,Victoria
3820,Vienxa
3821,Viktoriia
3822,Villo Eniko
3823,Vincent
3824,Vincenzo
3825,Viola Rue
3826,Violet
3827,Violet-Marie
3828,Virginia
3829,Vishal
3830,Vita
3831,Vithana Arachchige Pavan
3832,Vittal Ganesh
3833,Vittorio
3834,Vivian
3835,Viviana
3836,Vivienne
3837,Vydel
3838,WIlliam
3839,Wade
3840,Walelia
3841,Walker
3842,Wallace
3843,Walt
3844,Walter
3845,Ward
3846,Warren
3847,Watson
3848,Wayne
3849,Wei
3850,Weifeng
3851,Wendy
3852,Wesley
3853,Wesly
3854,Wesson
3855,West
3856,Westin
3857,Westley
3858,Weston
3859,Wheeler
3860,Whitcomb
3861,Whitney
3862,Wijemuni Senuri
3863,Wilder
3864,Wiley
3865,Will
3866,Willa
3867,Willem
3868,Willett
3869,William
3870,Willow
3871,Wilmar
3872,Wilson
3873,Wilvin
3874,Winslow
3875,Winter
3876,Wolf
3877,Wrena
3878,Wrigley
3879,Wyatt
3880,Wylie
3881,Wynn
3882,Wynter
3883,Wyntr
3884,Xada
3885,Xainin Reign
3886,Xander
3887,Xavian
3888,Xavier
3889,Xavrianna
3890,Xel-Ha
3891,Xiaosi
3892,Ximena
3893,Xinyi
3894,Xochyl
3895,Xuying
3896,Yadira
3897,Yagmur
3898,Yana
3899,Yanelis
3900,Yangchen
3901,Yaser
3902,Yasmine
3903,Yasser
3904,Yateendra
3905,Yazmin
3906,Yeira
3907,Yelena
3908,Yelizaveta
3909,Yemaya
3910,Yibralem
3911,Ylva Tone
3912,Yoni
3913,Yoonji
3914,Yousif
3915,Youssef
3916,Yu
3917,Yue
3918,Yuen
3919,Yufei
3920,Yufu
3921,Yuki
3922,Yunfeng
3923,Yvenson
3924,Yves
3925,Yvette
3926,Zac
3927,Zach
3928,Zachariah
3929,Zachary
3930,Zachery
3931,Zack
3932,Zackary
3933,Zackeria
3934,Zackery
3935,Zade
3936,Zahara
3937,Zak
3938,Zakaria
3939,Zakary
3940,Zander
3941,Zandra
3942,Zane
3943,Zayda
3944,Zayden
3945,Zaylin
3946,Zebulin
3947,Zechariah
3948,Zeke
3949,Zel
3950,Zena
3951,Zenin
3952,Zephyr
3953,Zeta
3954,Zeva
3955,Zeynep
3956,Zhuratzhan
3957,ZiOnna
3958,Zia
3959,Zico
3960,Zion
3961,Zoe
3962,Zoeanne
3963,Zoey
3964,Zofia
3965,Zoie
3966,Zola
3967,Zora
